Банк / источник;Тип источника;Показатель;Период прогноза;Сценарий;Прогнозное значение;Дата публикации;Ссылка на первоисточник
Банк России (ЦБ РФ);Первичный — офиц. документ;Ключевая ставка (среднегодовая);2026;Базовый;14,5–14,6%;31.08.2026;https://www.cbr.ru/about_br/publ/ondkp/on_2027_2029
Банк России (ЦБ РФ);Первичный — офиц. документ;Ключевая ставка (среднегодовая);2027;Базовый;10,5–12,5%;31.08.2026;https://www.cbr.ru/about_br/publ/ondkp/on_2027_2029
Банк России (ЦБ РФ);Первичный — офиц. документ;Ключевая ставка (среднегодовая);2028;Базовый;8,0–9,0%;31.08.2026;https://www.cbr.ru/about_br/publ/ondkp/on_2027_2029
Банк России (ЦБ РФ);Первичный — офиц. документ;Ключевая ставка (среднегодовая);2029;Базовый;7,5–8,5%;31.08.2026;https://www.cbr.ru/about_br/publ/ondkp/on_2027_2029
Банк России (ЦБ РФ);Первичный — офиц. документ;Ключевая ставка (среднегодовая);2027;Дезинфляционный;9,0–11,0%;31.08.2026;https://www.cbr.ru/about_br/publ/ondkp/on_2027_2029
Банк России (ЦБ РФ);Первичный — офиц. документ;Ключевая ставка (среднегодовая);2027;Проинфляционный;13,0–15,0%;31.08.2026;https://www.cbr.ru/about_br/publ/ondkp/on_2027_2029
Банк России (ЦБ РФ);Первичный — офиц. документ;Ключевая ставка (среднегодовая);2027;Рисковый;19,0–21,0%;31.08.2026;https://www.cbr.ru/about_br/publ/ondkp/on_2027_2029
Банк России (ЦБ РФ);Первичный — офиц. документ (более ранняя оценка);Ключевая ставка (среднегодовая);2026;Базовый;14,0–14,5%;07.05.2026;https://www.cbr.ru/dkp/mp_dec/decision_key_rate/comment_07052026/
Банк России (ЦБ РФ);Первичный — офиц. документ (более ранняя оценка);Ключевая ставка (среднегодовая);2027;Базовый;8,0–10,0%;07.05.2026;https://www.cbr.ru/dkp/mp_dec/decision_key_rate/comment_07052026/
Банк России (ЦБ РФ);Первичный — офиц. документ (более ранняя оценка);Ключевая ставка (среднегодовая);2028;Базовый;7,5–8,5%;07.05.2026;https://www.cbr.ru/dkp/mp_dec/decision_key_rate/comment_07052026/
Банк России (ЦБ РФ);Первичный — офиц. документ (предыдущий цикл);Ключевая ставка (среднегодовая);2026;Базовый;13,0–15,0%;н/д (ОНЕДКП 2026-2028);https://www.cbr.ru/about_br/publ/ondkp/on_2026_2028/
Банк России (ЦБ РФ);Первичный — офиц. документ (предыдущий цикл);Ключевая ставка (среднегодовая);2027;Базовый;7,5–8,5%;н/д (ОНЕДКП 2026-2028);https://www.cbr.ru/about_br/publ/ondkp/on_2026_2028/
SberCIB (аналитика Сбербанка);Первичный — сайт SberCIB;Ключевая ставка;Сентябрь 2026;Базовый;14%;н/д (публикация действует на 2026 год);https://sbercib.ru/publication/prognoz-klyuchevoi-stavki-na-2026-god
SberCIB (аналитика Сбербанка);Первичный — сайт SberCIB;Ключевая ставка;Октябрь 2026;Базовый;13,75%;н/д;https://sbercib.ru/publication/prognoz-klyuchevoi-stavki-na-2026-god
SberCIB (аналитика Сбербанка);Первичный — сайт SberCIB;Ключевая ставка;Ноябрь 2026;Базовый;13,75%;н/д;https://sbercib.ru/publication/prognoz-klyuchevoi-stavki-na-2026-god
SberCIB (аналитика Сбербанка);Первичный — сайт SberCIB;Ключевая ставка;Декабрь 2026;Базовый;13,5%;н/д;https://sbercib.ru/publication/prognoz-klyuchevoi-stavki-na-2026-god
SberCIB (аналитика Сбербанка);Первичный — сайт SberCIB;Ключевая ставка (среднегодовая);2026;Базовый;14,5%;н/д;https://sbercib.ru/publication/prognoz-klyuchevoi-stavki-na-2026-god
Эксперт РА;Первичный — исследование агентства;Объём выдач ипотеки;2026;—;Рост на 15–20% г/г, свыше 5 трлн руб.;н/д;https://raexpert.ru/researches/banks/ipoteka_2026/
Эксперт РА;Первичный — исследование агентства;Доля льготной ипотеки в выдачах;1-е полугодие 2026;—;Выше 50%;н/д;https://raexpert.ru/researches/banks/ipoteka_2026/
Эксперт РА;Первичный — исследование агентства;Доля льготной ипотеки в выдачах;2-е полугодие 2026;—;Паритет с рыночной (~50%);н/д;https://raexpert.ru/researches/banks/ipoteka_2026/
Эксперт РА;Первичный — исследование агентства (др. отчёт);Объём выдач ипотеки;2026;—;До 6,2 трлн руб. (1,2 млн кредитов), +59% г/г;н/д;https://raexpert.ru/researches/banks/bank_forecast_2026/
Эксперт РА;Первичный — исследование агентства (др. отчёт, для сравнения);Объём выдач ипотеки;2025 (факт/оценка);—;3,9 трлн руб., −20% г/г;н/д;https://raexpert.ru/researches/banks/bank_forecast_2026/
ВТБ;"Первичный — прямая цитата официального лица (ст. вице-президент А. Охорзин), ПМЭФ-2026; зафиксировано информагентством ПРАЙМ, т.к. отдельного пресс-релиза на vtb.ru не найдено";Объём выдач ипотеки;2026;—;>5,1 трлн руб. (+16% г/г);03.06.2026;https://1prime.ru/20260603/vtb-870441128.html
ВТБ;Первичный — прямая цитата официального лица, ПМЭФ-2026;Объём выдач ипотеки;1-е полугодие 2026;—;~2,1 трлн руб. (+40% г/г);03.06.2026;https://1prime.ru/20260603/vtb-870441128.html
ДОМ.РФ;Первичный, но без точных цифр — офиц. пост аккаунта dom.rf;Ключевая ставка / риск для рынка;2026;Риск-сценарий;Если средняя ставка за год выше 13–15% — давление на застройщиков, замедление выдачи ипотеки;09.02.2026;https://www.tbank.ru/invest/social/profile/DOM.RF/e6b380da-3434-46cf-94d6-83c6bc5c386d/
